date,word,count
1.9.24,morning,3
1.9.24,broken,1
1.9.24,heart,1
1.9.24,stand,1
1.9.24,family,5
1.9.24,ori,1
1.9.24,danino,1
1.9.24,alex,1
1.9.24,lobanov,1
1.9.24,almog,1
1.9.24,serussi,1
1.9.24,hirsch,1
1.9.24,goldberg,1
1.9.24,polin,1
1.9.24,carmel,1
1.9.24,gat,1
1.9.24,eden,1
1.9.24,yerushalmi,1
1.9.24,blessed,1
1.9.24,memory,1
1.9.24,hour,1
1.9.24,ago,2
1.9.24,informed,1
1.9.24,body,3
1.9.24,loved,1
1.9.24,one,1
1.9.24,found,1
1.9.24,idf,3
1.9.24,force,5
1.9.24,underground,2
1.9.24,tunnel,4
1.9.24,rafah,2
1.9.24,according,1
1.9.24,initial,1
1.9.24,assessment,1
1.9.24,brutally,1
1.9.24,murdered,1
1.9.24,hamas,3
1.9.24,terrorist,2
1.9.24,shortly,1
1.9.24,reached,1
1.9.24,kidnapped,1
1.9.24,alive,1
1.9.24,october,2
1.9.24,7,2
1.9.24,discovered,1
1.9.24,fighting,2
1.9.24,kilometer,1
1.9.24,rescued,1
1.9.24,farhan,2
1.9.24,kadi,1
1.9.24,day,2
1.9.24,since,2
1.9.24,'s,1
1.9.24,discovery,1
1.9.24,instructed,1
1.9.24,act,1
1.9.24,even,1
1.9.24,caution,1
1.9.24,precision,1
1.9.24,understanding,1
1.9.24,may,1
1.9.24,hostage,3
1.9.24,area,2
1.9.24,precise,1
1.9.24,information,1
1.9.24,exact,1
1.9.24,location,1
1.9.24,ongoing,1
1.9.24,ground,1
1.9.24,eliminated,1
1.9.24,battle,1
1.9.24,yesterday,1
1.9.24,still,1
1.9.24,operating,1
1.9.24,moment,1
1.9.24,last,1
1.9.24,night,1
1.9.24,located,1
1.9.24,recovered,1
1.9.24,bringing,1
1.9.24,israel,2
1.9.24,identification,1
1.9.24,process,1
1.9.24,conducted,1
1.9.24,medical,1
1.9.24,personnel,1
1.9.24,443,1
1.9.24,unit,1
1.9.24,police,1
1.9.24,completed,1
1.9.24,representative,1
1.9.24,delivered,1
1.9.24,news,2
1.9.24,share,1
1.9.24,immense,1
1.9.24,pain,2
1.9.24,difficult,1
1.9.24,time,1
1.9.24,word,1
1.9.24,describe,1
1.9.24,unimaginable,1
1.9.24,suffering,1
1.9.24,captivity,1
1.9.24,331,1
1.9.24,endure,1
1.9.24,shake,1
1.9.24,u,1
12.2.24,last,1
12.2.24,night,3
12.2.24,brought,1
12.2.24,luis,5
12.2.24,fernando,5
12.2.24,home,3
12.2.24,joint,1
12.2.24,rescue,3
12.2.24,operation,7
12.2.24,idf,2
12.2.24,shin,5
12.2.24,bet,5
12.2.24,yamam,3
12.2.24,special,2
12.2.24,unit,3
12.2.24,israeli,1
12.2.24,police,2
12.2.24,rescued,1
12.2.24,herr,1
12.2.24,merman,1
12.2.24,kidnapped,1
12.2.24,hamas,3
12.2.24,october,2
12.2.24,7,3
12.2.24,nir,2
12.2.24,yitzhak,1
12.2.24,complex,1
12.2.24,fire,2
12.2.24,heart,2
12.2.24,rafah,2
12.2.24,based,1
12.2.24,sensitive,1
12.2.24,high-quality,1
12.2.24,intelligence,2
12.2.24,division,2
12.2.24,'s,2
12.2.24,operational,1
12.2.24,along,1
12.2.24,force,7
12.2.24,98,1
12.2.24,shayetet,1
12.2.24,13,1
12.2.24,brigade,1
12.2.24,performed,1
12.2.24,professional,1
12.2.24,precise,1
12.2.24,action,1
12.2.24,aerial,2
12.2.24,envelope,2
12.2.24,airstrikes,1
12.2.24,air,2
12.2.24,coordination,1
12.2.24,southern,2
12.2.24,command,4
12.2.24,preparation,1
12.2.24,time,1
12.2.24,waited,1
12.2.24,right,1
12.2.24,condition,1
12.2.24,execute,1
12.2.24,early,1
12.2.24,morning,4
12.2.24,hour,1
12.2.24,1:09,1
12.2.24,broke,2
12.2.24,building,2
12.2.24,held,3
12.2.24,second,1
12.2.24,floor,1
12.2.24,armed,1
12.2.24,terrorist,4
12.2.24,also,2
12.2.24,neighboring,1
12.2.24,moment,2
12.2.24,fighter,2
12.2.24,shielded,1
12.2.24,body,1
12.2.24,fierce,1
12.2.24,firefight,1
12.2.24,many,1
12.2.24,several,1
12.2.24,location,1
12.2.24,1:50,1
12.2.24,managed,1
12.2.24,began,1
12.2.24,operating,1
12.2.24,allow,1
12.2.24,break,1
12.2.24,contact,1
12.2.24,neutralize,1
12.2.24,area,2
12.2.24,point,1
12.2.24,extracted,1
12.2.24,apartment,1
12.2.24,rescuing,1
12.2.24,accompanied,1
12.2.24,providing,1
12.2.24,protection,1
12.2.24,reached,2
12.2.24,safe,1
12.2.24,underwent,1
12.2.24,initial,1
12.2.24,medical,3
12.2.24,examination,1
12.2.24,ground,1
12.2.24,evacuated,1
12.2.24,helicopter,1
12.2.24,669,1
12.2.24,treatment,1
12.2.24,sheba,1
12.2.24,center,3
12.2.24,tel,1
12.2.24,hashomer,1
12.2.24,reunited,1
12.2.24,family,4
12.2.24,great,1
12.2.24,excitement,2
12.2.24,chief,1
12.2.24,staff,1
12.2.24,head,1
12.2.24,commissioner,1
12.2.24,monitored,1
12.2.24,led,1
12.2.24,prime,1
12.2.24,minister,2
12.2.24,defense,1
12.2.24,arrived,1
12.2.24,oversee,1
12.2.24,intense,1
12.2.24,emotional,1
12.2.24,made,1
12.2.24,possible,1
12.2.24,immense,1
12.2.24,sacrifice,2
12.2.24,regular,1
12.2.24,reserve,1
12.2.24,soldier,1
12.2.24,throughout,1
12.2.24,war,1
12.2.24,particularly,1
12.2.24,fell,1
12.2.24,wounded,1
12.2.24,battle,1
12.2.24,without,1
12.2.24,effort,1
12.2.24,would,1
12.2.24,despite,1
12.2.24,following,1
12.2.24,successful,1
12.2.24,forget,1
12.2.24,134,2
12.2.24,hostage,3
12.2.24,still,2
12.2.24,gaza,1
12.2.24,want,1
12.2.24,address,1
12.2.24,hearing,1
12.2.24,know,1
12.2.24,determined,1
12.2.24,bring,2
12.2.24,miss,1
12.2.24,opportunity,1
12.2.24,yesterday,1
12.2.24,visited,1
12.2.24,yaakov,1
12.2.24,oz,1
12.2.24,whose,1
12.2.24,father,1
12.2.24,yair,1
12.2.24,captive,1
12.2.24,daughter,1
12.2.24,shir,1
12.2.24,told,1
12.2.24,since,1
12.2.24,life,1
12.2.24,become,1
12.2.24,one,1
12.2.24,continuous,1
12.2.24,day,2
12.2.24,endless,1
12.2.24,sunrise,1
12.2.24,sunset,1
12.2.24,word,1
12.2.24,left,1
12.2.24,mark,1
12.2.24,sun,2
12.2.24,yet,1
12.2.24,risen,1
12.2.24,two,1
12.2.24,saw,1
12.2.24,rise,1
12.2.24,new,1
12.2.24,continue,1
12.2.24,everything,1
12.2.24,power,1
13.4.24,good,1
13.4.24,evening,1
13.4.24,iran,1
13.4.24,launched,1
13.4.24,unmanned,1
13.4.24,aerial,2
13.4.24,vehicle,1
13.4.24,uavs,1
13.4.24,territory,3
13.4.24,toward,1
13.4.24,israeli,2
13.4.24,monitoring,1
13.4.24,threat,4
13.4.24,airspace,1
13.4.24,take,1
13.4.24,several,1
13.4.24,hour,1
13.4.24,reach,1
13.4.24,idf,3
13.4.24,air,2
13.4.24,force,2
13.4.24,executing,1
13.4.24,pre-prepared,1
13.4.24,plan,2
13.4.24,preparing,1
13.4.24,part,1
13.4.24,preparation,1
13.4.24,gps,1
13.4.24,service,1
13.4.24,unavailable,1
13.4.24,certain,1
13.4.24,area,2
13.4.24,disruption,1
13.4.24,intentional,1
13.4.24,according,1
13.4.24,detect,1
13.4.24,additional,2
13.4.24,shorter,1
13.4.24,arrival,1
13.4.24,time,2
13.4.24,update,3
13.4.24,immediately,1
13.4.24,asked,1
13.4.24,remain,2
13.4.24,alert,2
13.4.24,follow,3
13.4.24,home,3
13.4.24,front,4
13.4.24,command,3
13.4.24,instruction,2
13.4.24,familiar,1
13.4.24,dealt,1
13.4.24,past,1
13.4.24,activated,1
13.4.24,must,1
13.4.24,enter,1
13.4.24,protected,2
13.4.24,space,2
13.4.24,stay,2
13.4.24,least,1
13.4.24,10,1
13.4.24,minutes—no,1
13.4.24,less,1
13.4.24,need,1
13.4.24,longer,1
13.4.24,urge,1
13.4.24,avoid,1
13.4.24,spreading,1
13.4.24,rumor,1
13.4.24,unverified,1
13.4.24,report,1
13.4.24,updated,1
13.4.24,official,1
13.4.24,spokesperson,1
13.4.24,message,1
13.4.24,guideline,2
13.4.24,continue,1
13.4.24,change,1
13.4.24,keep,1
13.4.24,acting,1
13.4.24,responsibly,1
13.4.24,calmly,1
13.4.24,done,1
13.4.24,far,1
13.4.24,make,1
13.4.24,sure,1
13.4.24,fully,2
13.4.24,prepared,2
13.4.24,defense,3
13.4.24,attack,1
13.4.24,advance,1
13.4.24,variety,1
13.4.24,scenario,1
13.4.24,working,1
13.4.24,close,1
13.4.24,cooperation,1
13.4.24,united,1
13.4.24,state,1
13.4.24,regional,1
13.4.24,partner,1
13.4.24,act,1
13.4.24,launch,1
13.4.24,intercept,1
13.4.24,multiple,1
13.4.24,layer,1
13.4.24,security,2
13.4.24,navy,1
13.4.24,along,1
13.4.24,circle,1
13.4.24,u.s.,1
13.4.24,military,1
13.4.24,excellent,1
13.4.24,system,1
13.4.24,currently,1
13.4.24,operational,1
13.4.24,however,1
13.4.24,remember,1
13.4.24,never,1
13.4.24,airtight,1
13.4.24,crucial,1
13.4.24,listen,1
13.4.24,'s,1
13.4.24,instructions—they,1
13.4.24,save,1
13.4.24,life,1
14.4.24,good,1
14.4.24,evening,1
14.4.24,short,1
14.4.24,ago,1
14.4.24,iran,1
14.4.24,launched,2
14.4.24,dozen,3
14.4.24,surface-to-surface,1
14.4.24,missile,5
14.4.24,territory,2
14.4.24,toward,1
14.4.24,israel,2
14.4.24,vast,1
14.4.24,majority,1
14.4.24,intercepted,4
14.4.24,outside,3
14.4.24,'s,2
14.4.24,border,2
14.4.24,air,3
14.4.24,defense,2
14.4.24,system,2
14.4.24,land,1
14.4.24,point,1
14.4.24,know,1
14.4.24,one,1
14.4.24,injured,1
14.4.24,child,1
14.4.24,minor,2
14.4.24,damage,2
14.4.24,idf,4
14.4.24,infrastructure,2
14.4.24,base,2
14.4.24,south,2
14.4.24,repeat,1
14.4.24,addition,1
14.4.24,force,1
14.4.24,plane,1
14.4.24,ten,1
14.4.24,cruise,2
14.4.24,countryג€™s,1
14.4.24,unmanned,1
14.4.24,aerial,1
14.4.24,vehicle,1
14.4.24,also,1
14.4.24,israeli,2
14.4.24,airspace,1
14.4.24,total,1
14.4.24,200,1
14.4.24,threat,4
14.4.24,incident,1
14.4.24,yet,1
14.4.24,continue,3
14.4.24,intercept,1
14.4.24,incoming,1
14.4.24,including,1
14.4.24,uavs,1
14.4.24,possibly,1
14.4.24,still,2
14.4.24,fully,1
14.4.24,deployed,2
14.4.24,aircraft,1
14.4.24,providing,1
14.4.24,although,1
14.4.24,reiterate,1
14.4.24,risk,1
14.4.24,taken,1
14.4.24,please,2
14.4.24,follow,1
14.4.24,home,2
14.4.24,front,3
14.4.24,command,2
14.4.24,guideline,1
14.4.24,save,1
14.4.24,life,1
14.4.24,mentioned,1
14.4.24,event,1
14.4.24,ongoing,1
14.4.24,alert,1
14.4.24,provide,1
14.4.24,sufficient,1
14.4.24,warning,1
14.4.24,area,1
14.4.24,strongly,1
14.4.24,across,1
14.4.24,prepared,2
14.4.24,development,2
14.4.24,scenario,1
14.4.24,advance,1
14.4.24,operating,1
14.4.24,according,1
14.4.24,well-defined,1
14.4.24,plan,1
14.4.24,adhere,1
14.4.24,instruction,1
14.4.24,demonstrate,1
14.4.24,responsibility,1
14.4.24,calm,1
14.4.24,youג€™ve,1
14.4.24,shown,1
14.4.24,throughout,1
14.4.24,recent,1
14.4.24,hour,1
14.4.24,everything,1
14.4.24,necessary,1
14.4.24,protect,1
14.4.24,security,1
14.4.24,civilian,1
14.4.24,update,1
14.4.24,operational,1
14.4.24,good,1
14.4.24,morning,1
14.4.24,last,7
14.4.24,night,6
14.4.24,iran,6
14.4.24,launched,4
14.4.24,attack,2
14.4.24,israel,4
14.4.24,firing,1
14.4.24,300,1
14.4.24,various,1
14.4.24,threat,5
14.4.24,iranian,2
14.4.24,met,1
14.4.24,superior,1
14.4.24,air,13
14.4.24,technological,2
14.4.24,capability,4
14.4.24,idf,2
14.4.24,combined,1
14.4.24,strong,2
14.4.24,fighting,1
14.4.24,coalition,1
14.4.24,together,1
14.4.24,intercepted,5
14.4.24,vast,1
14.4.24,majority,1
14.4.24,99,1
14.4.24,toward,3
14.4.24,significant,1
14.4.24,strategic,1
14.4.24,achievement,1
14.4.24,approximately,1
14.4.24,170,1
14.4.24,unmanned,1
14.4.24,aerial,1
14.4.24,vehicle,1
14.4.24,none,3
14.4.24,penetrated,4
14.4.24,israeli,3
14.4.24,territory,3
14.4.24,dozen,2
14.4.24,force,8
14.4.24,fighter,2
14.4.24,jet,3
14.4.24,defense,7
14.4.24,system,3
14.4.24,ally,1
14.4.24,30,1
14.4.24,cruise,1
14.4.24,missile,3
14.4.24,25,1
14.4.24,outside,1
14.4.24,border,1
14.4.24,120,1
14.4.24,ballistic,1
14.4.24,rest,1
14.4.24,hit,1
14.4.24,landed,1
14.4.24,nevatim,2
14.4.24,base,6
14.4.24,causing,1
14.4.24,minor,1
14.4.24,infrastructure,1
14.4.24,damage,2
14.4.24,see,2
14.4.24,remains,1
14.4.24,operational,1
14.4.24,continues,1
14.4.24,carry,1
14.4.24,mission,4
14.4.24,image,1
14.4.24,runway,1
14.4.24,thought,1
14.4.24,could,1
14.4.24,cripple,1
14.4.24,thus,1
14.4.24,failed,1
14.4.24,plane,2
14.4.24,continue,3
14.4.24,take,1
14.4.24,land,2
14.4.24,carrying,1
14.4.24,offense,1
14.4.24,including,3
14.4.24,f-35s,1
14.4.24,returning,1
14.4.24,soon,1
14.4.24,addition,1
14.4.24,launch,2
14.4.24,several,1
14.4.24,iraq,1
14.4.24,yemen,1
14.4.24,hour,1
14.4.24,rocket,1
14.4.24,fired,1
14.4.24,lebanon,2
14.4.24,north,1
14.4.24,casualty,2
14.4.24,struck,1
14.4.24,hezbollah,1
14.4.24,target,2
14.4.24,across,1
14.4.24,radwan,1
14.4.24,numerous,1
14.4.24,aircraft,1
14.4.24,continued,1
14.4.24,past,1
14.4.24,six,1
14.4.24,month,1
14.4.24,working,1
14.4.24,close,1
14.4.24,coordination,1
14.4.24,partner,1
14.4.24,primarily,1
14.4.24,united,1
14.4.24,state,1
14.4.24,central,1
14.4.24,command,2
14.4.24,uk,1
14.4.24,france,1
14.4.24,country,1
14.4.24,involved,1
14.4.24,nightג€™s,2
14.4.24,operation,2
14.4.24,partnership,1
14.4.24,always,1
14.4.24,demonstrated,1
14.4.24,exceptional,1
14.4.24,manner,1
14.4.24,conducted,2
14.4.24,highly,1
14.4.24,complex,1
14.4.24,excellent,1
14.4.24,execution,1
14.4.24,intelligence,1
14.4.24,division,1
14.4.24,leadership,2
14.4.24,chief,2
14.4.24,staff,2
14.4.24,center,1
14.4.24,alert,1
14.4.24,proved,1
14.4.24,extraordinary,1
14.4.24,professionalism,1
14.4.24,military,1
14.4.24,superiority,1
14.4.24,thanks,1
14.4.24,factor,1
14.4.24,planned,1
14.4.24,thwarted,1
14.4.24,unfortunately,1
14.4.24,10-year-old,1
14.4.24,girl,1
14.4.24,severely,1
14.4.24,injured,1
14.4.24,shrapnel,1
14.4.24,wish,1
14.4.24,speedy,1
14.4.24,recovery,1
14.4.24,aside,1
14.4.24,far,1
14.4.24,know,1
14.4.24,however,1
14.4.24,itג€™s,1
14.4.24,important,1
14.4.24,note,1
14.4.24,event,1
14.4.24,remain,2
14.4.24,prepared,1
14.4.24,development,3
14.4.24,additional,1
14.4.24,home,3
14.4.24,front,2
14.4.24,commandג€™s,1
14.4.24,guideline,2
14.4.24,place,1
14.4.24,restriction,1
14.4.24,education,1
14.4.24,overnight,1
14.4.24,stay,1
14.4.24,campsite,1
14.4.24,trip,1
14.4.24,change,1
14.4.24,update,1
14.4.24,immediately,1
14.4.24,transparency,1
14.4.24,responsibility,1
14.4.24,exemplary,1
14.4.24,behavior,1
14.4.24,throughout,2
14.4.24,commendable,1
14.4.24,necessary,2
14.4.24,acting,1
14.4.24,responsibly,1
14.4.24,calmly,1
14.4.24,without,1
14.4.24,panic,1
14.4.24,everything,3
14.4.24,ensure,1
14.4.24,public,1
14.4.24,receives,1
14.4.24,timely,1
14.4.24,relevant,1
14.4.24,information,1
14.4.24,situational,1
14.4.24,assessment,1
14.4.24,response,1
14.4.24,reviewed,1
14.4.24,plan,1
14.4.24,future,1
14.4.24,presented,1
14.4.24,political,1
14.4.24,took,1
14.4.24,serious,1
14.4.24,action,1
14.4.24,pushing,1
14.4.24,middle,1
14.4.24,east,1
14.4.24,escalation,1
14.4.24,protect,1
14.4.24,citizen,1
14.4.24,alongside,1
14.4.24,forgotten,1
14.4.24,moment,1
14.4.24,133,1
14.4.24,hostage,1
14.4.24,still,1
14.4.24,held,1
14.4.24,gaza,1
14.4.24,bring,1
14.4.24,quickly,1
14.4.24,possible,1
19.10.23,13th,1
19.10.23,day,2
19.10.23,war,4
19.10.23,gaza,4
19.10.23,past,2
19.10.23,24,2
19.10.23,hour,3
19.10.23,destroyed,1
19.10.23,attacked,1
19.10.23,numerous,1
19.10.23,terror,2
19.10.23,infrastructure,1
19.10.23,focus,1
19.10.23,sajaiya,1
19.10.23,neighborhood,1
19.10.23,continued,2
19.10.23,eliminate,1
19.10.23,nukhba,1
19.10.23,terrorist,4
19.10.23,according,1
19.10.23,intelligence,2
19.10.23,shin,1
19.10.23,bet,1
19.10.23,also,3
19.10.23,eliminated,1
19.10.23,senior,1
19.10.23,member,1
19.10.23,popular,1
19.10.23,resistance,1
19.10.23,committee,1
19.10.23,one,1
19.10.23,main,2
19.10.23,organization,2
19.10.23,strip,1
19.10.23,idf,2
19.10.23,force,9
19.10.23,carried,1
19.10.23,raid,2
19.10.23,along,2
19.10.23,front,4
19.10.23,line,1
19.10.23,purpose,1
19.10.23,improve,2
19.10.23,situation,1
19.10.23,attack,4
19.10.23,zone,2
19.10.23,continue,7
19.10.23,gathering,2
19.10.23,information,3
19.10.23,issue,2
19.10.23,missing,1
19.10.23,person,1
19.10.23,hostage,5
19.10.23,want,2
19.10.23,emphasize,2
19.10.23,public,3
19.10.23,task,1
19.10.23,clearing,1
19.10.23,area,2
19.10.23,still,1
19.10.23,regard,1
19.10.23,border,2
19.10.23,region,1
19.10.23,combat,2
19.10.23,searching,1
19.10.23,checking,2
19.10.23,yesterday,1
19.10.23,captured,1
19.10.23,exhausted,1
19.10.23,way,1
19.10.23,arrested,1
19.10.23,interrogated,1
19.10.23,must,2
19.10.23,finish,1
19.10.23,scanning,1
19.10.23,ensure,3
19.10.23,left,1
19.10.23,north,1
19.10.23,overnight,1
19.10.23,air,1
19.10.23,extensive,1
19.10.23,military,1
19.10.23,position,1
19.10.23,hezbollah,3
19.10.23,logic,1
19.10.23,behind,1
19.10.23,strike,2
19.10.23,target,1
19.10.23,reconnaissance,1
19.10.23,observation,1
19.10.23,system,2
19.10.23,response,2
19.10.23,fire,1
19.10.23,directed,1
19.10.23,israel,2
19.10.23,israeli,1
19.10.23,territory,1
19.10.23,met,1
19.10.23,significant,1
19.10.23,u,2
19.10.23,remain,1
19.10.23,strongly,1
19.10.23,deployed,1
19.10.23,alert,1
19.10.23,northern,1
19.10.23,command,3
19.10.23,effort,2
19.10.23,full,2
19.10.23,operational,4
19.10.23,readiness,1
19.10.23,next,1
19.10.23,stage,1
19.10.23,involves,1
19.10.23,training,1
19.10.23,preparing,1
19.10.23,plan,1
19.10.23,logistical,1
19.10.23,supply,1
19.10.23,equipment,4
19.10.23,protective,1
19.10.23,gear,1
19.10.23,personal,1
19.10.23,ground,3
19.10.23,done,2
19.10.23,prioritized,1
19.10.23,order,1
19.10.23,entering,2
19.10.23,first,1
19.10.23,receiving,1
19.10.23,range,1
19.10.23,encourage,1
19.10.23,personnel,1
19.10.23,including,1
19.10.23,parent,1
19.10.23,active-duty,1
19.10.23,soldier,2
19.10.23,reservist,1
19.10.23,contacting,1
19.10.23,technology,2
19.10.23,logistics,2
19.10.23,branch,1
19.10.23,hotline,3
19.10.23,whatsapp,1
19.10.23,052-615-6256,1
19.10.23,available,2
19.10.23,around,2
19.10.23,clock,2
19.10.23,today,1
19.10.23,commander,2
19.10.23,provide,1
19.10.23,briefing,1
19.10.23,explanation,1
19.10.23,analyzing,1
19.10.23,best,1
19.10.23,field,1
19.10.23,example,1
19.10.23,last,1
19.10.23,delivered,1
19.10.23,"50,000",1
19.10.23,raincoat,1
19.10.23,"100,000",1
19.10.23,heating,1
19.10.23,pack,1
19.10.23,"10,000",1
19.10.23,winter,1
19.10.23,coat,1
19.10.23,understanding,1
19.10.23,colder,1
19.10.23,weather,1
19.10.23,fighting,1
19.10.23,expected,1
19.10.23,long,1
19.10.23,far,1
19.10.23,informed,1
19.10.23,family,7
19.10.23,306,1
19.10.23,fallen,1
19.10.23,203,2
19.10.23,share,1
19.10.23,pain,1
19.10.23,embrace,1
19.10.23,difficult,1
19.10.23,address,1
19.10.23,number,2
19.10.23,importance,1
19.10.23,top,1
19.10.23,national,1
19.10.23,priority,1
19.10.23,convey,1
19.10.23,whether,1
19.10.23,high,2
19.10.23,medium,2
19.10.23,low,2
19.10.23,certainty,4
19.10.23,every,1
19.10.23,know,2
19.10.23,level,1
19.10.23,category,2
19.10.23,already,1
19.10.23,ruled,1
19.10.23,providing,1
19.10.23,latest,1
19.10.23,speak,1
19.10.23,update,2
19.10.23,process,1
19.10.23,ongoing,1
19.10.23,help,1
19.10.23,two,1
19.10.23,special,1
19.10.23,headquarters,2
19.10.23,led,2
19.10.23,major,2
19.10.23,general,2
19.10.23,re,2
19.10.23,lior,1
19.10.23,carmeli,1
19.10.23,another,1
19.10.23,nitzan,1
19.10.23,alon,1
19.10.23,responsible,1
19.10.23,opportunity,1
19.10.23,regarding,1
19.10.23,home,3
19.10.23,call,1
19.10.23,citizen,1
19.10.23,following,1
19.10.23,'s,2
19.10.23,instruction,2
19.10.23,throughout,1
19.10.23,check,1
19.10.23,change,1
19.10.23,guideline,2
19.10.23,follow,1
19.10.23,updating,1
19.10.23,act,1
19.10.23,responsibly,1
19.10.23,adhering,1
19.10.23,save,1
19.10.23,life,1
19.10.23,prevents,1
19.10.23,casualty,1
19.10.23,allows,1
19.10.23,104,1
19.10.23,online,1
19.10.23,keep,1
19.10.23,staying,1
19.10.23,updated,1
27.7.24,evening,1
27.7.24,severe,1
27.7.24,tragic,1
27.7.24,disaster,1
27.7.24,ten,1
27.7.24,israeli,1
27.7.24,child,4
27.7.24,killed,1
27.7.24,around,1
27.7.24,20,2
27.7.24,injured,1
27.7.24,result,1
27.7.24,rocket,2
27.7.24,fired,1
27.7.24,hezbollah,4
27.7.24,terrorist,2
27.7.24,organization,2
27.7.24,struck,1
27.7.24,soccer,1
27.7.24,field,1
27.7.24,center,1
27.7.24,majdal,2
27.7.24,sham,2
27.7.24,victim,2
27.7.24,age,1
27.7.24,10,2
27.7.24,extend,1
27.7.24,condolence,1
27.7.24,family,1
27.7.24,embrace,1
27.7.24,entire,1
27.7.24,druze,1
27.7.24,community,1
27.7.24,difficult,1
27.7.24,time,2
27.7.24,send,1
27.7.24,strength,1
27.7.24,wounded,1
27.7.24,wish,1
27.7.24,speedy,1
27.7.24,recovery,1
27.7.24,initial,1
27.7.24,investigation,3
27.7.24,incident,3
27.7.24,warning,1
27.7.24,activated,1
27.7.24,short,1
27.7.24,immediate,1
27.7.24,alert,1
27.7.24,air,1
27.7.24,force,1
27.7.24,'s,2
27.7.24,preliminary,1
27.7.24,suggests,1
27.7.24,single,1
27.7.24,currently,1
27.7.24,conducting,1
27.7.24,thorough,1
27.7.24,release,1
27.7.24,detail,1
27.7.24,transparently,1
27.7.24,public,1
27.7.24,contact,1
27.7.24,local,1
27.7.24,authority,1
27.7.24,throughout,1
27.7.24,past,2
27.7.24,month,1
27.7.24,supporting,1
27.7.24,hour,2
27.7.24,minister,1
27.7.24,defense,1
27.7.24,chief,1
27.7.24,staff,2
27.7.24,holding,1
27.7.24,several,1
27.7.24,situation,1
27.7.24,assessment,2
27.7.24,participation,1
27.7.24,head,2
27.7.24,shin,1
27.7.24,bet,1
27.7.24,mossad,1
27.7.24,member,1
27.7.24,general,1
27.7.24,forum,1
27.7.24,ongoing,1
27.7.24,change,2
27.7.24,home,2
27.7.24,front,2
27.7.24,command,2
27.7.24,instruction,1
27.7.24,update,1
27.7.24,via,1
27.7.24,communication,1
27.7.24,channel,2
27.7.24,official,1
27.7.24,idf,2
27.7.24,last,1
27.7.24,denied,1
27.7.24,responsibility,1
27.7.24,intelligence,1
27.7.24,clear,1
27.7.24,responsible,1
27.7.24,killing,1
27.7.24,innocent,1
27.7.24,young,1
27.7.24,year,1
27.7.24,old,1
27.7.24,cruelty,1
27.7.24,exposed,1
27.7.24,serious,1
27.7.24,act,1
27.7.24,accordingly,1
27.7.24,everything,1
27.7.24,necessary,1
27.7.24,protect,1
27.7.24,citizen,1
27.7.24,israel,1
27.8.24,good,1
27.8.24,afternoon,1
27.8.24,hour,2
27.8.24,ago,2
27.8.24,special,1
27.8.24,brave,2
27.8.24,complex,2
27.8.24,rescue,1
27.8.24,operation,3
27.8.24,idf,1
27.8.24,shin-bet,3
27.8.24,force,3
27.8.24,rescued,2
27.8.24,hostage,6
27.8.24,farhan,4
27.8.24,al-qadi,1
27.8.24,52,1
27.8.24,resident,1
27.8.24,rahat,1
27.8.24,father,1
27.8.24,11,1
27.8.24,child,1
27.8.24,arrived,1
27.8.24,soroka,1
27.8.24,hospital,1
27.8.24,stable,1
27.8.24,condition,1
27.8.24,met,1
27.8.24,family,1
27.8.24,morning,2
27.8.24,october,1
27.8.24,7,1
27.8.24,kidnapped,1
27.8.24,near,1
27.8.24,miftahim,1
27.8.24,commando,1
27.8.24,shayetet,1
27.8.24,13,1
27.8.24,yahalom,1
27.8.24,unit,1
27.8.24,alive,1
27.8.24,underground,1
27.8.24,tunnel,1
27.8.24,southern,1
27.8.24,gaza,2
27.8.24,strip,1
27.8.24,led,1
27.8.24,division,1
27.8.24,162,1
27.8.24,support,1
27.8.24,nahal,1
27.8.24,brigade,2
27.8.24,401st,1
27.8.24,soldier,1
27.8.24,reached,1
27.8.24,location,1
27.8.24,thanks,1
27.8.24,precise,1
27.8.24,intelligence,2
27.8.24,gathered,1
27.8.24,directorate,1
27.8.24,headquarters,1
27.8.24,committed,1
27.8.24,noble,1
27.8.24,mission,1
27.8.24,returning,1
27.8.24,using,1
27.8.24,every,2
27.8.24,effort,1
27.8.24,rejoice,1
27.8.24,'s,1
27.8.24,return,1
27.8.24,world,1
27.8.24,108,1
27.8.24,still,1
27.8.24,held,1
27.8.24,working,1
27.8.24,bring,1
27.8.24,home,1
27.8.24,continue,1
27.8.24,fight,1
27.8.24,resolutely,1
27.8.24,field,1
27.8.24,additional,1
27.8.24,detail,1
27.8.24,share,1
27.8.24,stage,1
27.8.24,take,1
27.8.24,time,1
27.8.24,must,1
27.8.24,act,1
27.8.24,responsibly,1
27.8.24,cautiously,1
27.8.24,especially,1
27.8.24,social,1
27.8.24,medium,1
27.8.24,spreading,1
27.8.24,information,1
27.8.24,safety,1
27.8.24,security,1
27.8.24,state,1
7.10.23,idf,4
7.10.23,declared,1
7.10.23,state,3
7.10.23,war,3
7.10.23,since,1
7.10.23,6:30,1
7.10.23,morning,1
7.10.23,hamas,1
7.10.23,fired,1
7.10.23,"2,000",1
7.10.23,rocket,1
7.10.23,toward,1
7.10.23,israeli,2
7.10.23,territory,2
7.10.23,terrorist,2
7.10.23,infiltrated,1
7.10.23,still,1
7.10.23,present,1
7.10.23,currently,2
7.10.23,engaged,1
7.10.23,combat,2
7.10.23,multiple,1
7.10.23,hotspot,3
7.10.23,south,3
7.10.23,located,1
7.10.23,flooding,1
7.10.23,border,2
7.10.23,community,2
7.10.23,numerous,2
7.10.23,operational,3
7.10.23,force,4
7.10.23,additionally,1
7.10.23,commander,1
7.10.23,arriving,1
7.10.23,manage,1
7.10.23,fighting,2
7.10.23,focusing,1
7.10.23,gaza,2
7.10.23,simultaneously,1
7.10.23,launched,1
7.10.23,large-scale,1
7.10.23,reserve,1
7.10.23,call-up,1
7.10.23,across,1
7.10.23,unit,1
7.10.23,air,1
7.10.23,initiated,1
7.10.23,wide-scale,1
7.10.23,attack,1
7.10.23,city,1
7.10.23,recent,1
7.10.23,hour,1
7.10.23,many,1
7.10.23,false,1
7.10.23,report,2
7.10.23,video,1
7.10.23,circulating,1
7.10.23,ask,1
7.10.23,public,2
7.10.23,medium,1
7.10.23,act,1
7.10.23,responsibly,1
7.10.23,rely,1
7.10.23,spokesperson,1
7.10.23,official,1
7.10.23,keep,1
7.10.23,updated,1
7.10.23,real-time,1
7.10.23,deploying,1
7.10.23,continue,1
7.10.23,provide,1
7.10.23,full,1
7.10.23,picture,1
7.10.23,situation,1
7.10.23,hour,5
7.10.23,idf,8
7.10.23,force,8
7.10.23,senior,1
7.10.23,command,8
7.10.23,settlement,10
7.10.23,gaza,8
7.10.23,envelope,11
7.10.23,22,1
7.10.23,combat,1
7.10.23,management,1
7.10.23,center,1
7.10.23,35,1
7.10.23,battalion,1
7.10.23,special,3
7.10.23,located,1
7.10.23,throughout,1
7.10.23,southern,3
7.10.23,sector,3
7.10.23,emphasis,1
7.10.23,managing,3
7.10.23,fighting,11
7.10.23,terrorist,8
7.10.23,tough,1
7.10.23,battle,4
7.10.23,commander,2
7.10.23,soldier,3
7.10.23,already,1
7.10.23,described,1
7.10.23,continue,2
7.10.23,search,2
7.10.23,update,4
7.10.23,resident,4
7.10.23,know,2
7.10.23,ended,1
7.10.23,security,3
7.10.23,carrying,1
7.10.23,roadblock,1
7.10.23,together,1
7.10.23,police,1
7.10.23,area,3
7.10.23,outside,1
7.10.23,division,1
7.10.23,extensive,1
7.10.23,support,1
7.10.23,strike,1
7.10.23,air,1
7.10.23,every,2
7.10.23,place,2
7.10.23,hamas,6
7.10.23,personnel,1
7.10.23,safe,1
7.10.23,point,1
7.10.23,islamic,2
7.10.23,jihad,2
7.10.23,entered,2
7.10.23,territory,1
7.10.23,state,3
7.10.23,israel,3
7.10.23,killed,3
7.10.23,whether,1
7.10.23,retreat,1
7.10.23,belong,1
7.10.23,everyone,1
7.10.23,belongs,1
7.10.23,blood,1
7.10.23,head,1
7.10.23,difficult,2
7.10.23,ahead,1
7.10.23,u,2
7.10.23,civilian,2
7.10.23,murdered,1
7.10.23,also,2
7.10.23,hostage,1
7.10.23,prisoner,1
7.10.23,war,5
7.10.23,taken,1
7.10.23,captive,1
7.10.23,provide,2
7.10.23,accurate,1
7.10.23,data,1
7.10.23,later,1
7.10.23,need,3
7.10.23,show,1
7.10.23,responsibility,2
7.10.23,citizen,2
7.10.23,medium,2
7.10.23,lot,1
7.10.23,fake,2
7.10.23,news,2
7.10.23,social,1
7.10.23,network,1
7.10.23,spokesperson,2
7.10.23,continuously,1
7.10.23,true,1
7.10.23,picture,2
7.10.23,even,1
7.10.23,currently,2
7.10.23,heavy,2
7.10.23,uncertainty,1
7.10.23,create,1
7.10.23,clear,1
7.10.23,situation,5
7.10.23,convey,1
7.10.23,public,2
7.10.23,south,2
7.10.23,especially,3
7.10.23,home,5
7.10.23,near,3
7.10.23,moving,1
7.10.23,possible,1
7.10.23,showing,1
7.10.23,tremendous,1
7.10.23,resilience,3
7.10.23,thanks,1
7.10.23,win,2
7.10.23,rest,1
7.10.23,80,1
7.10.23,kilometer,1
7.10.23,front,4
7.10.23,must,1
7.10.23,stay,2
7.10.23,protected,2
7.10.23,space,2
7.10.23,listen,4
7.10.23,'s,5
7.10.23,instruction,3
7.10.23,assume,1
7.10.23,see,1
7.10.23,tension,1
7.10.23,coming,2
7.10.23,begun,1
7.10.23,wide,1
7.10.23,reserve,1
7.10.23,mobilization,1
7.10.23,mobilize,1
7.10.23,needed,1
7.10.23,hundred,1
7.10.23,thousand,1
7.10.23,said,2
7.10.23,alert,2
7.10.23,including,1
7.10.23,northern,2
7.10.23,reinforced,1
7.10.23,full,1
7.10.23,anyone,1
7.10.23,attack,1
7.10.23,arena,1
7.10.23,another,1
7.10.23,pay,1
7.10.23,price,1
7.10.23,focus,1
7.10.23,infiltration,1
7.10.23,reach,1
7.10.23,end,1
7.10.23,restore,1
7.10.23,within,1
7.10.23,completion,1
7.10.23,description,1
7.10.23,killing,1
7.10.23,n't,1
7.10.23,known,1
7.10.23,many,1
7.10.23,year,1
7.10.23,operation,1
7.10.23,national,1
7.10.23,required,1
7.10.23,necessary,1
7.10.23,obey,2
7.10.23,various,1
7.10.23,channel,1
7.10.23,announcement,2
7.10.23,orderly,1
7.10.23,order,1
7.10.23,manage,1
7.10.23,proven,1
7.10.23,past,1
7.10.23,deal,1
7.10.23,decisively,1
7.10.23,time,1
8.10.23,second,1
8.10.23,day,7
8.10.23,war,7
8.10.23,terrorist,10
8.10.23,organization,2
8.10.23,hamas,4
8.10.23,islamic,1
8.10.23,jihad,1
8.10.23,gaza,9
8.10.23,strip,2
8.10.23,idf,14
8.10.23,force,6
8.10.23,operating,1
8.10.23,throughout,2
8.10.23,night,2
8.10.23,secure,3
8.10.23,area,3
8.10.23,kill,1
8.10.23,take,1
8.10.23,control,3
8.10.23,combat,3
8.10.23,zone,1
8.10.23,demonstrated,1
8.10.23,infiltration,1
8.10.23,point,2
8.10.23,israeli,2
8.10.23,territory,2
8.10.23,killing,1
8.10.23,hundred,4
8.10.23,field,1
8.10.23,ongoing,3
8.10.23,rescue,1
8.10.23,operation,1
8.10.23,hostage,2
8.10.23,took,1
8.10.23,place,1
8.10.23,continuing,2
8.10.23,fighting,4
8.10.23,commander,1
8.10.23,soldier,5
8.10.23,fallen,3
8.10.23,battle,1
8.10.23,civilian,4
8.10.23,murdered,1
8.10.23,killed,4
8.10.23,dozen,2
8.10.23,taken,2
8.10.23,captive,2
8.10.23,kfar,1
8.10.23,aza,1
8.10.23,search,2
8.10.23,many,1
8.10.23,community,2
8.10.23,present,1
8.10.23,every,4
8.10.23,settlement,2
8.10.23,special,1
8.10.23,infantry,1
8.10.23,unit,2
8.10.23,brigade,1
8.10.23,without,1
8.10.23,evacuating,1
8.10.23,resident,5
8.10.23,mission,2
8.10.23,coming,2
8.10.23,ensure,2
8.10.23,safe,1
8.10.23,evacuation,2
8.10.23,envelope,4
8.10.23,must,1
8.10.23,thorough,1
8.10.23,remain,2
8.10.23,bus,1
8.10.23,used,2
8.10.23,evacuate,2
8.10.23,aim,1
8.10.23,complete,1
8.10.23,within,2
8.10.23,next,1
8.10.23,ten,1
8.10.23,thousand,2
8.10.23,entire,1
8.10.23,continue,5
8.10.23,reach,2
8.10.23,eliminated,1
8.10.23,'s,3
8.10.23,attack,5
8.10.23,strong,2
8.10.23,far,2
8.10.23,attacked,1
8.10.23,500,1
8.10.23,target,1
8.10.23,including,3
8.10.23,operational,1
8.10.23,infrastructure,1
8.10.23,strike,2
8.10.23,leaderג€™s,1
8.10.23,home,3
8.10.23,targeted,1
8.10.23,symbol,1
8.10.23,tower,1
8.10.23,also,5
8.10.23,hit,1
8.10.23,expand,1
8.10.23,near,3
8.10.23,border,1
8.10.23,fence,1
8.10.23,attempted,1
8.10.23,enter,1
8.10.23,israel,5
8.10.23,traveling,1
8.10.23,outside,1
8.10.23,400,1
8.10.23,injured,1
8.10.23,northern,3
8.10.23,command,4
8.10.23,fire,3
8.10.23,directed,1
8.10.23,outpost,1
8.10.23,mount,2
8.10.23,dov,2
8.10.23,recent,1
8.10.23,hour,2
8.10.23,casualty,2
8.10.23,side,1
8.10.23,responded,1
8.10.23,extensive,2
8.10.23,artillery,1
8.10.23,launched,2
8.10.23,stage,1
8.10.23,threat,1
8.10.23,sector,2
8.10.23,highly,1
8.10.23,prepared,1
8.10.23,strongly,1
8.10.23,deployed,1
8.10.23,air,1
8.10.23,ground,1
8.10.23,readiness,1
8.10.23,extends,1
8.10.23,across,1
8.10.23,judea,1
8.10.23,samaria,1
8.10.23,mentioned,1
8.10.23,focusing,1
8.10.23,theater,2
8.10.23,preparedness,1
8.10.23,cover,1
8.10.23,one,3
8.10.23,anyone,3
8.10.23,face,2
8.10.23,heavy,1
8.10.23,price,2
8.10.23,monitoring,1
8.10.23,dead,1
8.10.23,wounded,2
8.10.23,regarding,1
8.10.23,report,1
8.10.23,first,1
8.10.23,foremost,1
8.10.23,notifying,1
8.10.23,family,7
8.10.23,process,1
8.10.23,informed,2
8.10.23,26,1
8.10.23,loss,1
8.10.23,loved,2
8.10.23,support,1
8.10.23,difficult,3
8.10.23,time,3
8.10.23,want,1
8.10.23,extend,1
8.10.23,condolence,1
8.10.23,wish,1
8.10.23,speedy,1
8.10.23,recovery,1
8.10.23,today,1
8.10.23,website,2
8.10.23,name,1
8.10.23,detail,2
8.10.23,published,2
8.10.23,course,1
8.10.23,understand,1
8.10.23,publicג€™s,1
8.10.23,desire,1
8.10.23,information,3
8.10.23,seeking,1
8.10.23,unaccounted,1
8.10.23,contact,2
8.10.23,idfג€™s,1
8.10.23,public,5
8.10.23,inquiry,1
8.10.23,office,1
8.10.23,via,1
8.10.23,following,1
8.10.23,number,1
8.10.23,1111,1
8.10.23,extension,2
8.10.23,5,1
8.10.23,4,1
8.10.23,front,2
8.10.23,hotline,3
8.10.23,dialing,2
8.10.23,104,1
8.10.23,instruction,1
8.10.23,searching,1
8.10.23,police,1
8.10.23,opened,1
8.10.23,joint,1
8.10.23,105,1
8.10.23,address,1
8.10.23,issue,1
8.10.23,missing,2
8.10.23,person,1
8.10.23,located,1
8.10.23,airport,2
8.10.23,city,1
8.10.23,ben,1
8.10.23,gurion,1
8.10.23,building,1
8.10.23,433,1
8.10.23,provide,1
8.10.23,dna,1
8.10.23,sample,1
8.10.23,help,2
8.10.23,identifying,1
8.10.23,sum,1
8.10.23,faced,1
8.10.23,challenging,1
8.10.23,lie,1
8.10.23,ahead,2
8.10.23,resilience,2
8.10.23,citizen,1
8.10.23,crucial,1
8.10.23,ability,1
8.10.23,goal,1
8.10.23,end,1
8.10.23,eliminate,1
8.10.23,breach,1
8.10.23,exact,1
8.10.23,u,3
8.10.23,national,1
8.10.23,responsibility,1
8.10.23,unity,1
8.10.23,required,1
8.10.23,proven,1
8.10.23,past,1
8.10.23,know,1
8.10.23,ask,1
8.10.23,act,1
8.10.23,responsibly,1
8.10.23,spread,1
8.10.23,unverified,1
8.10.23,incident,1
8.10.23,please,1
8.10.23,stick,1
8.10.23,released,1
8.10.23,behind,1
8.10.23,image,2
8.10.23,video,1
8.10.23,maintain,1
8.10.23,dignity,1
8.10.23,refraining,1
8.10.23,sharing,1
8.10.23,hamasג€™s,1
8.10.23,action,1
8.10.23,crime,1
8.10.23,taking,1
8.10.23,woman,1
8.10.23,child,1
8.10.23,international,1
8.10.23,law,1
8.10.23,islam,1
8.10.23,hold,1
8.10.23,accountable,1
8.10.23,involved,1
8.10.23,important,1
8.10.23,thing,1
8.10.23,trust,1
8.10.23,tough,1
8.10.23,use,1
8.10.23,power,1
8.10.23,might,1
8.10.23,southern,3
8.10.23,command,7
8.10.23,following,1
8.10.23,situation,2
8.10.23,assessment,2
8.10.23,held,1
8.10.23,chief,2
8.10.23,staff,2
8.10.23,alongside,1
8.10.23,commander,8
8.10.23,recent,2
8.10.23,hour,3
8.10.23,fighter,5
8.10.23,operating,2
8.10.23,gaza,6
8.10.23,envelope,2
8.10.23,area,6
8.10.23,protect,2
8.10.23,resident,3
8.10.23,clear,1
8.10.23,terrorist,10
8.10.23,exchange,1
8.10.23,fire,3
8.10.23,involving,2
8.10.23,paratrooper,1
8.10.23,brigade,2
8.10.23,special,1
8.10.23,unit,2
8.10.23,town,1
8.10.23,be'eri,1
8.10.23,encounter,3
8.10.23,kfar,1
8.10.23,aza,1
8.10.23,force,6
8.10.23,shayetet,1
8.10.23,13,1
8.10.23,shaldag,1
8.10.23,duvdevan,1
8.10.23,yahalom,1
8.10.23,givati,1
8.10.23,navy,1
8.10.23,also,1
8.10.23,thwarted,1
8.10.23,cell,1
8.10.23,coast,1
8.10.23,zikim,1
8.10.23,ongoing,1
8.10.23,fighting,3
8.10.23,nahal,1
8.10.23,oz,1
8.10.23,kissufim,1
8.10.23,actively,1
8.10.23,engaging,1
8.10.23,enemy,4
8.10.23,striving,1
8.10.23,reach,2
8.10.23,every,2
8.10.23,place,1
8.10.23,present,1
8.10.23,eliminate,1
8.10.23,tried,1
8.10.23,flee,1
8.10.23,back,1
8.10.23,killed,4
8.10.23,border,1
8.10.23,fence,1
8.10.23,continue,3
8.10.23,target,3
8.10.23,anyone,1
8.10.23,approaching,1
8.10.23,israeli,3
8.10.23,territory,2
8.10.23,past,2
8.10.23,conducted,2
8.10.23,division,1
8.10.23,stable,1
8.10.23,strong,1
8.10.23,professionally,1
8.10.23,intense,1
8.10.23,reinforcing,1
8.10.23,securing,1
8.10.23,emphasis,1
8.10.23,clearing,1
8.10.23,striking,1
8.10.23,wherever,1
8.10.23,attack,6
8.10.23,destroyed,1
8.10.23,around,1
8.10.23,800,1
8.10.23,using,2
8.10.23,jet,2
8.10.23,helicopter,1
8.10.23,unmanned,1
8.10.23,aerial,1
8.10.23,vehicle,1
8.10.23,today,1
8.10.23,3:45,1
8.10.23,pm,1
8.10.23,idf,7
8.10.23,massive,1
8.10.23,strike,4
8.10.23,beit,2
8.10.23,hanoun,2
8.10.23,neighborhood,2
8.10.23,occurred,1
8.10.23,three,1
8.10.23,wave,1
8.10.23,50,1
8.10.23,dropped,1
8.10.23,dozen,2
8.10.23,ton,1
8.10.23,munition,1
8.10.23,120,1
8.10.23,complex,1
8.10.23,air,2
8.10.23,operation,2
8.10.23,resulted,1
8.10.23,destruction,1
8.10.23,building,1
8.10.23,served,1
8.10.23,staging,2
8.10.23,ground,1
8.10.23,hamas,3
8.10.23,'s,4
8.10.23,nuhba,1
8.10.23,israel,3
8.10.23,level,1
8.10.23,intensity,1
8.10.23,targeting,1
8.10.23,zone,2
8.10.23,used,1
8.10.23,functioning,1
8.10.23,fully,2
8.10.23,conducting,1
8.10.23,widespread,1
8.10.23,ready,1
8.10.23,bolstered,1
8.10.23,thousand,2
8.10.23,reservist,1
8.10.23,joined,1
8.10.23,rank,1
8.10.23,brought,1
8.10.23,disaster,1
8.10.23,upon,1
8.10.23,response,1
8.10.23,hundred,1
8.10.23,wounded,1
8.10.23,still,1
8.10.23,since,1
8.10.23,began,1
8.10.23,taken,1
8.10.23,captive,1
8.10.23,including,1
8.10.23,northern,2
8.10.23,several,1
8.10.23,incident,1
8.10.23,rocket,1
8.10.23,position,2
8.10.23,without,1
8.10.23,causing,1
8.10.23,casualty,1
8.10.23,responded,1
8.10.23,hezbollah,1
8.10.23,infrastructure,1
8.10.23,responsible,1
8.10.23,closely,1
8.10.23,monitoring,1
8.10.23,hezbollahג€™s,1
8.10.23,action,1
8.10.23,theater,1
8.10.23,remain,1
8.10.23,prepared,1
8.10.23,across,1
8.10.23,entire,1
8.10.23,war,2
8.10.23,urge,1
8.10.23,public,4
8.10.23,follow,1
8.10.23,home,3
8.10.23,front,4
8.10.23,instruction,1
8.10.23,information,2
8.10.23,need,1
8.10.23,emphasize,1
8.10.23,available,1
8.10.23,hotlines,1
8.10.23,personnel,1
8.10.23,directorate,1
8.10.23,hotline,3
8.10.23,missing,2
8.10.23,soldier,5
8.10.23,1111,1
8.10.23,extension,1
8.10.23,5,1
8.10.23,4,1
8.10.23,104,1
8.10.23,well,1
8.10.23,joint,1
8.10.23,police,1
8.10.23,family,2
8.10.23,center,1
8.10.23,ben,1
8.10.23,gurion,1
8.10.23,airport,1
8.10.23,reachable,1
8.10.23,105,1
8.10.23,ask,1
8.10.23,spread,1
8.10.23,rumor,1
8.10.23,online,1
8.10.23,notify,1
8.10.23,civilian,2
8.10.23,first,2
8.10.23,releasing,1
8.10.23,person,1
8.10.23,deceased,1
8.10.23,room,1
8.10.23,tough,1
8.10.23,question,1
8.10.23,thorough,1
8.10.23,investigation,1
8.10.23,deserves,1
8.10.23,answer,1
8.10.23,responsibility,1
8.10.23,provide,1
8.10.23,however,1
8.10.23,moment,1
8.10.23,midst,1
8.10.23,engaged,1
8.10.23,power,1
8.10.23,defeat,1
8.10.23,fight,3
8.10.23,afterward,1
8.10.23,investigate,1
8.10.23,witnessing,1
8.10.23,extraordinary,1
8.10.23,bravery,1
8.10.23,day,1
8.10.23,men,1
8.10.23,woman,1
8.10.23,child,1
8.10.23,showing,1
8.10.23,composure,1
8.10.23,courage,1
8.10.23,face,1
8.10.23,murderous,1
8.10.23,organization,1
8.10.23,resilience,1
8.10.23,displayed,1
8.10.23,south,1
8.10.23,serf,1
8.10.23,example,1
8.10.23,u,1
8.10.23,continues,1
8.10.23,might,1
8.10.23,multidimensional,1
8.10.23,colonel,1
8.10.23,roi,2
8.10.23,levy,1
8.10.23,blessed,1
8.10.23,memory,1
8.10.23,entrenched,1
8.10.23,kibbutz,1
8.10.23,re'im,1
8.10.23,ten,1
8.10.23,case,1
8.10.23,fallen,2
8.10.23,battle,1
8.10.23,immediately,1
8.10.23,replaced,1
8.10.23,new,1
8.10.23,stepped,1
8.10.23,determined,1
8.10.23,citizen,1
8.10.23,always,1
8.10.23,line,1
8.10.23,one,1
8.10.23,secure,1
8.10.23,victory,1
8.6.24,good,2
8.6.24,afternoon,1
8.6.24,morning,1
8.6.24,rescued,5
8.6.24,noa,2
8.6.24,argamani,1
8.6.24,almog,2
8.6.24,meir,1
8.6.24,zhan,1
8.6.24,shlomi,2
8.6.24,ziv,1
8.6.24,andrey,2
8.6.24,kozlov,1
8.6.24,abducted,1
8.6.24,october,1
8.6.24,7,2
8.6.24,nova,1
8.6.24,party,1
8.6.24,gaza,3
8.6.24,minute,1
8.6.24,ago,1
8.6.24,second,1
8.6.24,helicopter,1
8.6.24,landed,1
8.6.24,hostage,8
8.6.24,sheba,1
8.6.24,medical,3
8.6.24,center,1
8.6.24,health,1
8.6.24,condition,1
8.6.24,stable,1
8.6.24,currently,1
8.6.24,hospital,2
8.6.24,undergo,1
8.6.24,examination,1
8.6.24,reunite,1
8.6.24,family,2
8.6.24,four,3
8.6.24,joint,1
8.6.24,operation,6
8.6.24,idf,1
8.6.24,shin,5
8.6.24,bet,5
8.6.24,israeli,1
8.6.24,police,1
8.6.24,bold,1
8.6.24,daylight,1
8.6.24,involved,2
8.6.24,yamam,4
8.6.24,fighter,4
8.6.24,storming,1
8.6.24,two,1
8.6.24,separate,1
8.6.24,building,1
8.6.24,simultaneously,1
8.6.24,heart,1
8.6.24,strip,1
8.6.24,rescuing,1
8.6.24,held,2
8.6.24,hamas,1
8.6.24,terrorist,1
8.6.24,heavy,1
8.6.24,fire,2
8.6.24,southern,2
8.6.24,command,2
8.6.24,air,4
8.6.24,force,6
8.6.24,attacked,1
8.6.24,threat,2
8.6.24,area,1
8.6.24,neutralized,1
8.6.24,sea,1
8.6.24,land,1
8.6.24,ensure,1
8.6.24,safe,1
8.6.24,extraction,1
8.6.24,came,1
8.6.24,safely,1
8.6.24,chief,1
8.6.24,staff,1
8.6.24,head,1
8.6.24,led,1
8.6.24,side,2
8.6.24,following,1
8.6.24,week,1
8.6.24,planning,1
8.6.24,based,1
8.6.24,high-quality,1
8.6.24,intelligence,2
8.6.24,complex,1
8.6.24,operational,2
8.6.24,plan,1
8.6.24,developed,1
8.6.24,military,1
8.6.24,hundred,1
8.6.24,division,1
8.6.24,98,1
8.6.24,paratrooper,1
8.6.24,brigade,3
8.6.24,kfir,1
8.6.24,pilot,1
8.6.24,naval,1
8.6.24,unit,1
8.6.24,participated,1
8.6.24,acted,1
8.6.24,professionalism,1
8.6.24,great,3
8.6.24,courage,1
8.6.24,among,1
8.6.24,seriously,1
8.6.24,injured,1
8.6.24,action,1
8.6.24,arrived,1
8.6.24,wish,1
8.6.24,full,1
8.6.24,recovery,1
8.6.24,pray,1
8.6.24,well-being,1
8.6.24,significant,1
8.6.24,risk,1
8.6.24,successfully,1
8.6.24,alive,1
8.6.24,brought,1
8.6.24,home,3
8.6.24,alongside,1
8.6.24,joy,1
8.6.24,'s,1
8.6.24,return,1
8.6.24,continue,2
8.6.24,everything,3
8.6.24,bring,3
8.6.24,back,3
8.6.24,remaining,1
8.6.24,120,1
8.6.24,still,1
8.6.24,know,2
8.6.24,determined,1
8.6.24,reach,1
8.6.24,mission,2
8.6.24,completed,1
8.6.24,making,1
8.6.24,tremendous,1
8.6.24,effort,1
8.6.24,working,2
8.6.24,every,1
8.6.24,possible,2
8.6.24,way,1
8.6.24,quickly,1
8.6.24,leave,1
8.6.24,behind,1
8.6.24,want,1
8.6.24,say,1
8.6.24,pride,1
8.6.24,see,1
8.6.24,security,1
8.6.24,shoulder,2
8.6.24,important,1
8.6.24,bringing,1
9.10.23,good,3
9.10.23,morning,3
9.10.23,afternoon,1
9.10.23,want,1
9.10.23,provide,1
9.10.23,review,1
9.10.23,update,2
9.10.23,information,3
9.10.23,available,1
9.10.23,point,2
9.10.23,public,2
9.10.23,regarding,1
9.10.23,last,3
9.10.23,night,2
9.10.23,'s,6
9.10.23,event,3
9.10.23,first,1
9.10.23,start,1
9.10.23,defense,2
9.10.23,perspective,1
9.10.23,focus,2
9.10.23,community,8
9.10.23,surrounding,1
9.10.23,gaza,6
9.10.23,control,5
9.10.23,incident,3
9.10.23,occurred,1
9.10.23,hour,3
9.10.23,overnight,1
9.10.23,isolated,1
9.10.23,single,1
9.10.23,encounter,2
9.10.23,sha'ar,2
9.10.23,hanegev,2
9.10.23,three,1
9.10.23,terrorist,16
9.10.23,killed,7
9.10.23,reservist,2
9.10.23,unit,2
9.10.23,be'eri,1
9.10.23,one,1
9.10.23,person,1
9.10.23,another,1
9.10.23,cell,1
9.10.23,eliminated,1
9.10.23,holit,1
9.10.23,sufa,1
9.10.23,five,1
9.10.23,alumim,1
9.10.23,four,2
9.10.23,currently,2
9.10.23,sweeping,1
9.10.23,continuing,1
9.10.23,clear,1
9.10.23,area,7
9.10.23,stage,2
9.10.23,active,1
9.10.23,combat,4
9.10.23,understand,1
9.10.23,might,1
9.10.23,still,1
9.10.23,like,1
9.10.23,found,1
9.10.23,hid,1
9.10.23,position,1
9.10.23,neutralized,1
9.10.23,killing,1
9.10.23,every,7
9.10.23,met,1
9.10.23,military,2
9.10.23,force,5
9.10.23,engage,1
9.10.23,kill,1
9.10.23,soldier,4
9.10.23,special,1
9.10.23,infantry,2
9.10.23,brigade,1
9.10.23,fighting,1
9.10.23,bravely,1
9.10.23,intense,1
9.10.23,battle,1
9.10.23,said,1
9.10.23,moment,1
9.10.23,organizing,2
9.10.23,today,1
9.10.23,main,2
9.10.23,task,1
9.10.23,say,1
9.10.23,mean,1
9.10.23,breach,2
9.10.23,border,4
9.10.23,fence,3
9.10.23,secured,1
9.10.23,tank,2
9.10.23,arrive,1
9.10.23,positioned,1
9.10.23,helicopter,2
9.10.23,unmanned,1
9.10.23,aerial,1
9.10.23,vehicle,1
9.10.23,ensure,1
9.10.23,infiltration,1
9.10.23,israel,6
9.10.23,adjacent,1
9.10.23,evacuated,4
9.10.23,fully,2
9.10.23,15,1
9.10.23,24,1
9.10.23,end,1
9.10.23,day,1
9.10.23,expect,1
9.10.23,near,1
9.10.23,sderot,1
9.10.23,hit,3
9.10.23,"4,400",1
9.10.23,rocket,1
9.10.23,northern,2
9.10.23,high,1
9.10.23,preparedness,1
9.10.23,strong,1
9.10.23,many,2
9.10.23,ground,1
9.10.23,deployed,2
9.10.23,yesterday,1
9.10.23,several,1
9.10.23,localized,1
9.10.23,outpost,1
9.10.23,none,1
9.10.23,harmed,1
9.10.23,responded,1
9.10.23,fire,1
9.10.23,location,1
9.10.23,firmly,1
9.10.23,holding,1
9.10.23,north,2
9.10.23,time,2
9.10.23,prepared,1
9.10.23,scenario,1
9.10.23,offense,1
9.10.23,idf,2
9.10.23,offensive,1
9.10.23,initiated,1
9.10.23,powerful,1
9.10.23,wave,3
9.10.23,attack,2
9.10.23,wide-scale,1
9.10.23,airstrikes,1
9.10.23,launched,2
9.10.23,hundred,5
9.10.23,thousand,1
9.10.23,munition,1
9.10.23,targeting,2
9.10.23,objective,1
9.10.23,speak,1
9.10.23,target,3
9.10.23,striking,1
9.10.23,without,1
9.10.23,intelligence,2
9.10.23,report,1
9.10.23,locating,1
9.10.23,enemy,1
9.10.23,assembly,1
9.10.23,command,1
9.10.23,center,1
9.10.23,room,1
9.10.23,hamas,4
9.10.23,dead,1
9.10.23,envelope,1
9.10.23,havenג€™t,1
9.10.23,yet,1
9.10.23,gathered,1
9.10.23,body,1
9.10.23,along,2
9.10.23,plane,1
9.10.23,dozen,1
9.10.23,strike,1
9.10.23,beit,1
9.10.23,hanoun,1
9.10.23,buried,1
9.10.23,building,1
9.10.23,closed,1
9.10.23,electricity,1
9.10.23,entering,1
9.10.23,siege,1
9.10.23,massive,1
9.10.23,reserve,1
9.10.23,call-up,1
9.10.23,largest,2
9.10.23,fastest,1
9.10.23,history,2
9.10.23,"300,000",1
9.10.23,mobilized,1
9.10.23,48,1
9.10.23,citizen,2
9.10.23,shown,1
9.10.23,best,1
9.10.23,full,1
9.10.23,maintain,1
9.10.23,israeli,1
9.10.23,casualty,1
9.10.23,approximately,1
9.10.23,700,1
9.10.23,far,1
9.10.23,notified,1
9.10.23,family,3
9.10.23,73,1
9.10.23,fallen,1
9.10.23,stand,1
9.10.23,difficult,1
9.10.23,wounded,1
9.10.23,wish,1
9.10.23,speedy,1
9.10.23,recovery,1
9.10.23,also,1
9.10.23,abducted,1
9.10.23,individual,1
9.10.23,missing,1
9.10.23,civilian,1
9.10.23,published,1
9.10.23,video,1
9.10.23,showing,1
9.10.23,brutality,1
9.10.23,appointed,1
9.10.23,major,1
9.10.23,general,1
9.10.23,lior,1
9.10.23,carmeli,1
9.10.23,oversee,1
9.10.23,issue,1
9.10.23,personnel,1
9.10.23,already,1
9.10.23,working,1
9.10.23,collect,1
9.10.23,dna,1
9.10.23,sample,1
9.10.23,share,1
9.10.23,notifying,1
9.10.23,murderous,1
9.10.23,organization,1
9.10.23,leadershipג€,1
9.10.23,politicalג€,1
9.10.23,asset,1
9.10.23,legitimate,1
9.10.23,attacking,1
9.10.23,widely,1
9.10.23,powerfully,1
9.10.23,focused,1
9.10.23,intelligence-driven,1
9.10.23,approach,1
9.10.23,bring,1
9.10.23,overwhelming,1
9.10.23,response,1
9.10.23,power,1
9.10.23,increase,1
9.10.23,good,1
9.10.23,evening,1
9.10.23,currently,4
9.10.23,offensive,1
9.10.23,stage,2
9.10.23,goal,1
9.10.23,set,2
9.10.23,idf,7
9.10.23,every,4
9.10.23,entity,1
9.10.23,gaza,9
9.10.23,understand,1
9.10.23,heavy,3
9.10.23,price,4
9.10.23,war,3
9.10.23,state,1
9.10.23,israel,1
9.10.23,wo,1
9.10.23,n't,2
9.10.23,expressed,1
9.10.23,word,1
9.10.23,action,1
9.10.23,carry,1
9.10.23,coming,1
9.10.23,hour,5
9.10.23,day,3
9.10.23,long,2
9.10.23,necessary,3
9.10.23,last,2
9.10.23,24,1
9.10.23,conducting,1
9.10.23,intense,1
9.10.23,airstrikes,1
9.10.23,deadly,1
9.10.23,aerial,1
9.10.23,operation,1
9.10.23,involving,2
9.10.23,thousand,1
9.10.23,munition,1
9.10.23,give,1
9.10.23,perspective,1
9.10.23,rate,3
9.10.23,strike,4
9.10.23,five,2
9.10.23,time,4
9.10.23,higher,2
9.10.23,carried,2
9.10.23,hezbollah,2
9.10.23,second,1
9.10.23,lebanon,3
9.10.23,'m,1
9.10.23,repeating,1
9.10.23,right,1
9.10.23,60,1
9.10.23,fighter,1
9.10.23,jet,1
9.10.23,completed,2
9.10.23,heart,2
9.10.23,city,1
9.10.23,multiple,1
9.10.23,round,1
9.10.23,rimal,1
9.10.23,neighborhood,2
9.10.23,densely,1
9.10.23,populated,1
9.10.23,intelligence,3
9.10.23,terrorist,11
9.10.23,mean,1
9.10.23,gathering,2
9.10.23,area,8
9.10.23,operational,1
9.10.23,apartment,1
9.10.23,command,1
9.10.23,center,1
9.10.23,yesterday,1
9.10.23,similar,1
9.10.23,beit,1
9.10.23,hanoun,1
9.10.23,know,2
9.10.23,killed,5
9.10.23,dozen,2
9.10.23,far,2
9.10.23,hundred,3
9.10.23,inside,1
9.10.23,'ve,7
9.10.23,near,2
9.10.23,border,3
9.10.23,fence,1
9.10.23,many,2
9.10.23,still,2
9.10.23,active,1
9.10.23,perimeter,3
9.10.23,alongside,2
9.10.23,hostage,1
9.10.23,held,1
9.10.23,u,3
9.10.23,control,1
9.10.23,fence-adjacent,1
9.10.23,settlement,1
9.10.23,already,1
9.10.23,evacuated,1
9.10.23,fact,1
9.10.23,evacuation,1
9.10.23,except,1
9.10.23,family,6
9.10.23,chose,1
9.10.23,stay,1
9.10.23,respect,1
9.10.23,decision,1
9.10.23,afternoon,1
9.10.23,accompanied,1
9.10.23,chief,2
9.10.23,staff,2
9.10.23,division,1
9.10.23,commander,1
9.10.23,walking,1
9.10.23,house,2
9.10.23,soldier,6
9.10.23,going,1
9.10.23,point,1
9.10.23,searching,1
9.10.23,including,1
9.10.23,suicide,1
9.10.23,bomber,1
9.10.23,waiting,1
9.10.23,attack,2
9.10.23,crossing,1
9.10.23,prepared,1
9.10.23,throughout,1
9.10.23,entire,1
9.10.23,tank,1
9.10.23,plane,1
9.10.23,ready,1
9.10.23,kill,1
9.10.23,current,1
9.10.23,mission,2
9.10.23,clear,1
9.10.23,encountering,1
9.10.23,small,1
9.10.23,group,1
9.10.23,happened,1
9.10.23,encounter,1
9.10.23,northern,1
9.10.23,front,3
9.10.23,incident,1
9.10.23,ago,1
9.10.23,one,5
9.10.23,infiltration,1
9.10.23,metula,1
9.10.23,four,1
9.10.23,three,1
9.10.23,escaped,1
9.10.23,toward,1
9.10.23,determining,1
9.10.23,identity,1
9.10.23,beyond,1
9.10.23,attacked,1
9.10.23,infrastructure,1
9.10.23,southern,1
9.10.23,term,1
9.10.23,closely,1
9.10.23,monitoring,1
9.10.23,high,1
9.10.23,readiness,1
9.10.23,whoever,1
9.10.23,pay,1
9.10.23,mobilized,1
9.10.23,"300,000",1
9.10.23,reservist,2
9.10.23,within,1
9.10.23,48,1
9.10.23,extremely,1
9.10.23,rapid,1
9.10.23,mobilization,1
9.10.23,faster,1
9.10.23,previous,1
9.10.23,event,1
9.10.23,regarding,1
9.10.23,report,2
9.10.23,equipment,5
9.10.23,shortage,2
9.10.23,medium,1
9.10.23,social,1
9.10.23,networksג€,1
9.10.23,lack,1
9.10.23,food,2
9.10.23,vest,1
9.10.23,equipmentג€,1
9.10.23,want,2
9.10.23,clarify,1
9.10.23,carrying,1
9.10.23,go,1
9.10.23,also,2
9.10.23,receive,1
9.10.23,required,1
9.10.23,public,3
9.10.23,sending,1
9.10.23,supply,1
9.10.23,warms,1
9.10.23,boost,1
9.10.23,morale,1
9.10.23,'s,2
9.10.23,important,1
9.10.23,feel,1
9.10.23,support,1
9.10.23,reassure,1
9.10.23,combat,1
9.10.23,reach,2
9.10.23,everyone,2
9.10.23,patience,1
9.10.23,needed,2
9.10.23,civilian,2
9.10.23,task,1
9.10.23,force,1
9.10.23,led,1
9.10.23,major,1
9.10.23,general,1
9.10.23,lior,1
9.10.23,carmeli,1
9.10.23,handle,1
9.10.23,captive,4
9.10.23,missing,1
9.10.23,visiting,1
9.10.23,personally,1
9.10.23,senior,1
9.10.23,officer,1
9.10.23,talking,1
9.10.23,taking,1
9.10.23,dna,1
9.10.23,sample,1
9.10.23,sharing,1
9.10.23,detail,2
9.10.23,full,2
9.10.23,updated,1
9.10.23,30,1
9.10.23,informed,2
9.10.23,update,1
9.10.23,exact,2
9.10.23,number,1
9.10.23,special,1
9.10.23,team,1
9.10.23,established,1
9.10.23,begin,1
9.10.23,piecing,1
9.10.23,together,1
9.10.23,difficult,2
9.10.23,lost,1
9.10.23,citizen,2
9.10.23,700,1
9.10.23,85,1
9.10.23,loved,1
9.10.23,casualty,1
9.10.23,embrace,1
9.10.23,wounded,1
9.10.23,wish,1
9.10.23,recovery,1
9.10.23,feeling,1
9.10.23,frustration,1
9.10.23,end,1
9.10.23,must,1
9.10.23,remember,1
9.10.23,thing,1
9.10.23,win,1
9.10.23,paid,1
9.10.23,unbearable,1
9.10.23,return,1
9.10.23,acted,1
9.10.23,supreme,1
9.10.23,courage,1
9.10.23,continue,1
9.10.23,fight,1
9.10.23,bravely,1
9.10.23,begun,1
9.10.23,intention,1
9.10.23,hold,1
9.10.23,accountable,1
9.10.23,harmed,1
9.10.23,israeli,1
9.10.23,limit,3
9.10.23,territorial,1
9.10.23,capability,1
9.10.23,compass,1
9.10.23,security,1
9.10.23,victory,1
